Workbook

Sheet GiaCuoc_Master
A1: Ma_KhuVuc | B1: Tuyen_Giao | C1: Don_Gia_Cuoc
A2: MB01 | B2: Hà Nội - Nội thành | C2: 22000
A3: MB02 | B3: Hà Nội - Ngoại thành | C3: 35000
A4: MN01 | B4: TP.HCM - Nội thành | C4: 25000
A5: MN02 | B5: TP.HCM - Ngoại thành | C5: 40000
A6: LC01 | B6: Liên tỉnh Cùng vùng | C6: 55000
A7: LB01 | B7: Liên tỉnh Bắc - Nam | C7: 75000

Sheet NhatKy_GiaoHang
A1: Ma_Van_Don | B1: Ma_KhuVuc | C1: Trong_Luong_kg | D1: Gia_Cuoc_Giao | E1: Thoi_Gian_Giao_Phut | F1: Trang_Thai_KPI
A2: FM-2026-001 | B2: LB01 | C2: 1 | D2: =IFERROR(VLOOKUP(TRIM(B2), GiaCuoc_Master!$A$2:$C$7, 3, FALSE), "Lỗi mã khu vực") -> 75000 | E2: 28 | F2: Đúng giờ
A3: FM-2026-002 | B3: LB01 | C3: 2.5 | D3: =IFERROR(VLOOKUP(TRIM(B3), GiaCuoc_Master!$A$2:$C$7, 3, FALSE), "Lỗi mã khu vực") -> 75000 | E3: 56 | F3: Đúng giờ
A4: FM-2026-003 | B4: MB02 | C4: 1.5 | D4: =IFERROR(VLOOKUP(TRIM(B4), GiaCuoc_Master!$A$2:$C$7, 3, FALSE), "Lỗi mã khu vực") -> 35000 | E4: 119 | F4: Trễ
A5: FM-2026-004 | B5: MB01 | C5: 7.5 | D5: =IFERROR(VLOOKUP(TRIM(B5), GiaCuoc_Master!$A$2:$C$7, 3, FALSE), "Lỗi mã khu vực") -> 22000 | E5: 36 | F5: Đúng giờ
A6: FM-2026-005 | B6: LC01 | C6: 4 | D6: =IFERROR(VLOOKUP(TRIM(B6), GiaCuoc_Master!$A$2:$C$7, 3, FALSE), "Lỗi mã khu vực") -> 55000 | E6: 29 | F6: Đúng giờ
A7: FM-2026-006 | B7: MB01 | C7: 1 | D7: =IFERROR(VLOOKUP(TRIM(B7), GiaCuoc_Master!$A$2:$C$7, 3, FALSE), "Lỗi mã khu vực") -> 22000 | E7: 52 | F7: Đúng giờ
A8: FM-2026-007 | B8: MB02 | C8: 7.5 | D8: =IFERROR(VLOOKUP(TRIM(B8), GiaCuoc_Master!$A$2:$C$7, 3, FALSE), "Lỗi mã khu vực") -> 35000 | E8: 102 | F8: Trễ
A9: FM-2026-008 | B9: MB01 | C9: 7.5 | D9: =IFERROR(VLOOKUP(TRIM(B9), GiaCuoc_Master!$A$2:$C$7, 3, FALSE), "Lỗi mã khu vực") -> 22000 | E9: 50 | F9: Đúng giờ
A10: FM-2026-009 | B10: LB01 | C10: 7.5 | D10: =IFERROR(VLOOKUP(TRIM(B10), GiaCuoc_Master!$A$2:$C$7, 3, FALSE), "Lỗi mã khu vực") -> 75000 | E10: 78 | F10: Đúng giờ
A11: FM-2026-010 | B11: MB02 | C11: 5 | D11: =IFERROR(VLOOKUP(TRIM(B11), GiaCuoc_Master!$A$2:$C$7, 3, FALSE), "Lỗi mã khu vực") -> 35000 | E11: 100 | F11: Trễ
A12: FM-2026-011 | B12: MN01 | C12: 0.5 | D12: =IFERROR(VLOOKUP(TRIM(B12), GiaCuoc_Master!$A$2:$C$7, 3, FALSE), "Lỗi mã khu vực") -> 25000 | E12: 45 | F12: Đúng giờ
A13: FM-2026-012 | B13: LB01 | C13: 4 | D13: =IFERROR(VLOOKUP(TRIM(B13), GiaCuoc_Master!$A$2:$C$7, 3, FALSE), "Lỗi mã khu vực") -> 75000 | E13: 68 | F13: Đúng giờ
... A501: FM-2026-500 | B501: MB02 | C501: 4 | D501: =IFERROR(VLOOKUP(TRIM(B501), GiaCuoc_Master!$A$2:$C$7, 3, FALSE), "Lỗi mã khu vực") -> 35000 | E501: 68 | F501: Đúng giờ

Sheet BaoCao_KPI
A1: BÁO CÁO HIỆU SUẤT GIAO HÀNG THEO TUYẾN (KPI)
A3: Ma_KhuVuc | B3: Tuyen_Giao | C3: Tong_Don | D3: Don_Tre | E3: Ty_Le_Tre
A4: MB01 | B4: Hà Nội - Nội thành | C4: =COUNTIF(NhatKy_GiaoHang!$B$2:$B$501, "MB01") -> 81 | D4: =COUNTIFS(NhatKy_GiaoHang!$B$2:$B$501, "MB01", NhatKy_GiaoHang!$F$2:$F$501, "Trễ") -> 17 | E4: =D4/C4 -> 0.20987654
A5: MB02 | B5: Hà Nội - Ngoại thành | C5: =COUNTIF(NhatKy_GiaoHang!$B$2:$B$501, "MB02") -> 85 | D5: =COUNTIFS(NhatKy_GiaoHang!$B$2:$B$501, "MB02", NhatKy_GiaoHang!$F$2:$F$501, "Trễ") -> 28 | E5: =D5/C5 -> 0.32941176
A6: MN01 | B6: TP.HCM - Nội thành | C6: =COUNTIF(NhatKy_GiaoHang!$B$2:$B$501, "MN01") -> 80 | D6: =COUNTIFS(NhatKy_GiaoHang!$B$2:$B$501, "MN01", NhatKy_GiaoHang!$F$2:$F$501, "Trễ") -> 27 | E6: =D6/C6 -> 0.3375
A7: MN02 | B7: TP.HCM - Ngoại thành | C7: =COUNTIF(NhatKy_GiaoHang!$B$2:$B$501, "MN02") -> 83 | D7: =COUNTIFS(NhatKy_GiaoHang!$B$2:$B$501, "MN02", NhatKy_GiaoHang!$F$2:$F$501, "Trễ") -> 28 | E7: =D7/C7 -> 0.3373494
A8: LC01 | B8: Liên tỉnh Cùng vùng | C8: =COUNTIF(NhatKy_GiaoHang!$B$2:$B$501, "LC01") -> 80 | D8: =COUNTIFS(NhatKy_GiaoHang!$B$2:$B$501, "LC01", NhatKy_GiaoHang!$F$2:$F$501, "Trễ") -> 25 | E8: =D8/C8 -> 0.3125
A9: LB01 | B9: Liên tỉnh Bắc - Nam | C9: =COUNTIF(NhatKy_GiaoHang!$B$2:$B$501, "LB01") -> 89 | D9: =COUNTIFS(NhatKy_GiaoHang!$B$2:$B$501, "LB01", NhatKy_GiaoHang!$F$2:$F$501, "Trễ") -> 28 | E9: =D9/C9 -> 0.31460674
